{
    "counter": {
        "ACTIVE": 19532,
        "INACTIVE": 1468,
        "INVALID": 0,
        "MALICIOUS": 0,
        "SANE": 0,
        "VALID": 0,
        "total": 21000
    },
    "percentage": {
        "ACTIVE": 93.00952380952381,
        "INACTIVE": 6.9911420135250975,
        "INVALID": 0,
        "MALICIOUS": 0,
        "SANE": 0,
        "VALID": 0,
        "total": 100.0006658230489
    }
}