{
    "counter": {
        "ACTIVE": 20647,
        "INACTIVE": 353,
        "INVALID": 0,
        "MALICIOUS": 0,
        "SANE": 0,
        "VALID": 0,
        "total": 21000
    },
    "percentage": {
        "ACTIVE": 98.31904761904762,
        "INACTIVE": 1.683678336354097,
        "INVALID": 0,
        "MALICIOUS": 0,
        "SANE": 0,
        "VALID": 0,
        "total": 100.00272595540171
    }
}