{
    "counter": {
        "ACTIVE": 16198,
        "INACTIVE": 4802,
        "INVALID": 0,
        "MALICIOUS": 0,
        "SANE": 0,
        "VALID": 0,
        "total": 21000
    },
    "percentage": {
        "ACTIVE": 77.13333333333334,
        "INACTIVE": 22.87320186720015,
        "INVALID": 0,
        "MALICIOUS": 0,
        "SANE": 0,
        "VALID": 0,
        "total": 100.00653520053349
    }
}