{
    "counter": {
        "ACTIVE": 18996,
        "INACTIVE": 2004,
        "INVALID": 0,
        "MALICIOUS": 0,
        "SANE": 0,
        "VALID": 0,
        "total": 21000
    },
    "percentage": {
        "ACTIVE": 90.45714285714286,
        "INACTIVE": 9.543766072959329,
        "INVALID": 0,
        "MALICIOUS": 0,
        "SANE": 0,
        "VALID": 0,
        "total": 100.00090893010218
    }
}