{
    "counter": {
        "ACTIVE": 16938,
        "INACTIVE": 4060,
        "INVALID": 2,
        "MALICIOUS": 0,
        "SANE": 0,
        "VALID": 0,
        "total": 21000
    },
    "percentage": {
        "ACTIVE": 80.65714285714286,
        "INACTIVE": 19.33517477855034,
        "INVALID": 0.010573618821041502,
        "MALICIOUS": 0,
        "SANE": 0,
        "VALID": 0,
        "total": 100.00289125451424
    }
}