{
    "counter": {
        "ACTIVE": 19098,
        "INACTIVE": 1902,
        "INVALID": 0,
        "MALICIOUS": 0,
        "SANE": 0,
        "VALID": 0,
        "total": 21000
    },
    "percentage": {
        "ACTIVE": 90.94285714285714,
        "INACTIVE": 9.058005524335652,
        "INVALID": 0,
        "MALICIOUS": 0,
        "SANE": 0,
        "VALID": 0,
        "total": 100.00086266719279
    }
}