{
    "counter": {
        "ACTIVE": 18657,
        "INACTIVE": 2343,
        "INVALID": 0,
        "MALICIOUS": 0,
        "SANE": 0,
        "VALID": 0,
        "total": 21000
    },
    "percentage": {
        "ACTIVE": 88.84285714285714,
        "INACTIVE": 11.158205543385085,
        "INVALID": 0,
        "MALICIOUS": 0,
        "SANE": 0,
        "VALID": 0,
        "total": 100.00106268624222
    }
}