{
    "counter": {
        "ACTIVE": 19298,
        "INACTIVE": 1702,
        "INVALID": 0,
        "MALICIOUS": 0,
        "SANE": 0,
        "VALID": 0,
        "total": 21000
    },
    "percentage": {
        "ACTIVE": 91.8952380952381,
        "INACTIVE": 8.105533860367654,
        "INVALID": 0,
        "MALICIOUS": 0,
        "SANE": 0,
        "VALID": 0,
        "total": 100.00077195560576
    }
}