{
    "counter": {
        "ACTIVE": 18784,
        "INACTIVE": 2216,
        "INVALID": 0,
        "MALICIOUS": 0,
        "SANE": 0,
        "VALID": 0,
        "total": 21000
    },
    "percentage": {
        "ACTIVE": 89.44761904761904,
        "INACTIVE": 10.553386036765406,
        "INVALID": 0,
        "MALICIOUS": 0,
        "SANE": 0,
        "VALID": 0,
        "total": 100.00100508438445
    }
}